{"cameraMode":{"drawMode":0,"name":"Shaded","section":"Shading Mode"},"sceneLighting":false,"audioPlay":false,"sceneViewState":{"m_AlwaysRefresh":false,"showFog":false,"showSkybox":false,"showFlares":false,"showImageEffects":false,"showParticleSystems":false,"showVisualEffectGraphs":true,"m_FxEnabled":true},"in2DMode":false,"pivot":{"x":-0.4094610810279846,"y":0.8874746561050415,"z":-1.3795814514160157},"rotation":{"x":-0.004455899354070425,"y":0.9941892623901367,"z":-0.09755004942417145,"w":-0.04509048908948898},"size":1.8048826456069947,"orthographic":false}