{"cameraMode":{"drawMode":0,"name":"Shaded","section":"Shading Mode"},"sceneLighting":true,"audioPlay":false,"sceneViewState":{"m_AlwaysRefresh":false,"showFog":true,"showSkybox":true,"showFlares":true,"showImageEffects":true,"showParticleSystems":true,"showVisualEffectGraphs":true,"m_FxEnabled":true},"in2DMode":false,"pivot":{"x":-2.8970513343811037,"y":-4.26961612701416,"z":10.598859786987305},"rotation":{"x":0.31980305910110476,"y":-0.040594086050987247,"z":0.01374172605574131,"w":0.9465850591659546},"size":12.12435531616211,"orthographic":false}