{"cameraMode":{"drawMode":0,"name":"Shaded","section":"Shading Mode"},"sceneLighting":false,"audioPlay":false,"sceneViewState":{"m_AlwaysRefresh":false,"showFog":false,"showSkybox":false,"showFlares":false,"showImageEffects":false,"showParticleSystems":false,"showVisualEffectGraphs":true,"m_FxEnabled":true},"in2DMode":false,"pivot":{"x":-0.4624001681804657,"y":1.2901437282562256,"z":-1.0229716300964356},"rotation":{"x":-0.0014286376535892487,"y":-0.9949076771736145,"z":-0.014622164890170098,"w":0.09974221140146256},"size":1.7523915767669678,"orthographic":false}