{"cameraMode":{"drawMode":0,"name":"Shaded","section":"Shading Mode"},"sceneLighting":false,"audioPlay":false,"sceneViewState":{"m_AlwaysRefresh":false,"showFog":false,"showSkybox":false,"showFlares":false,"showImageEffects":false,"showParticleSystems":false,"showVisualEffectGraphs":true,"m_FxEnabled":true},"in2DMode":false,"pivot":{"x":0.6749651432037354,"y":1.3149129152297974,"z":0.5712479948997498},"rotation":{"x":-0.0007570609450340271,"y":0.9995085000991821,"z":-0.021298188716173173,"w":-0.029733361676335336},"size":1.759807825088501,"orthographic":false}